user_id,user_name,email,phone,signup_date,dob,gender
1001,Aaron,aaron@gmail.com,999-033-43,3/20/2024,12/20/1971,Female
1002,Abigail,abigail@gmail.com,9282033875,7/9/2023,7/8/1987,Male
1003,Adam,adam@gmail.com,(967)123-6,11/1/2023,5/7/1969,Male
1004,Adrian,adrian@gmail.com,(073)653-9,7/17/2023,7/15/1971,Female
1005,Adriana,adriana@gmail.com,478-234-54,12/10/2024,5/6/1984,Female
1006,Adrienne,adrienne@gmail.com,(878)231-3,12/6/2023,12/31/1964,Female
1007,Aimee,aimee@gmail.com,523-419-54,8/19/2023,12/3/1982,Female
1008,Alan,alan@gmail.com,-903,1/17/2025,5/30/2006,Male
1009,Albert,albert@gmail.com,777.249.63,7/16/2023,1/1/1968,Male
1010,Alec,alec@gmail.com,-583,11/18/2023,4/5/2003,Female
1011,Alejandra,alejandra@gmail.com,(209)896-3,10/31/2023,4/17/1993,Male
1012,Alejandro,alejandro@gmail.com,353.706.68,7/7/2023,4/19/1966,Female
1013,Alex,alex@gmail.com,(544)193-9,9/5/2024,9/16/1968,Female
1014,Alexa,alexa@gmail.com,001-261-02,10/11/2023,5/14/1970,Female
1015,Alexander,alexander@gmail.com,2626451502,10/28/2023,5/13/1979,Female
1016,Alexandra,alexandra@gmail.com,1121795361,7/7/2023,12/1/1972,Female
1017,Alexandria,alexandria@gmail.com,(016)380-2,9/1/2024,7/17/1972,Female
1018,Alexis,alexis@gmail.com,280-799-64,4/2/2024,9/7/1988,Male
1019,Alfred,alfred@gmail.com,344.441.87,11/23/2024,8/7/1988,Male
1020,Alice,alice@gmail.com,001-199-22,10/7/2023,6/10/1977,Male
1021,Alicia,alicia@gmail.com,-1424,3/27/2025,12/13/1977,Female
1022,Alisha,alisha@gmail.com,549-912-03,6/9/2024,2/8/1975,Female
1023,Alison,alison@gmail.com,8402998158,1/14/2024,1/26/1991,Female
1024,Allen,allen@gmail.com,-934,8/19/2024,8/25/1969,Male
1025,Allison,allison@gmail.com,001-009-31,1/4/2024,6/1/1999,Female
1026,Alvin,alvin@gmail.com,-1723,12/16/2024,7/19/1972,Female
1027,Alyssa,alyssa@gmail.com,(328)147-8,7/21/2023,7/28/1991,Female
1028,Amanda,amanda@gmail.com,8439209108,1/9/2025,9/1/2005,Female
1029,Amber,amber@gmail.com,001-696-27,4/8/2024,7/26/1968,Female
1030,Amy,amy@gmail.com,(291)784-3,2/25/2024,12/23/1985,Male
1031,Ana,ana@gmail.com,508.551.38,4/21/2024,3/8/1992,Female
1032,Andre,andre@gmail.com,001-759-57,9/30/2024,3/6/1987,Female
1033,Andrea,andrea@gmail.com,(245)511-5,7/23/2023,6/24/1985,Female
1034,Andres,andres@gmail.com,(250)225-6,5/20/2023,9/20/1981,Male
1035,Andrew,andrew@gmail.com,055.054.16,8/11/2024,1/22/1975,Female
1036,Angel,angel@gmail.com,212-340-43,4/24/2025,3/30/2000,Female
1037,Angela,angela@gmail.com,499-598-47,7/9/2023,4/10/1967,Male
1038,Angelica,angelica@gmail.com,(630)497-8,2/23/2025,12/14/1983,Female
1039,Anita,anita@gmail.com,2587683853,12/12/2024,1/1/1977,Female
1040,Ann,ann@gmail.com,779-553-09,12/19/2023,9/7/2002,Female
1041,Anna,anna@gmail.com,161-318-72,8/29/2023,8/5/2006,Female
1042,Anne,anne@gmail.com,(319)516-5,10/14/2023,8/29/1976,Male
1043,Annette,annette@gmail.com,-1318,4/2/2024,8/17/1993,Male
1044,Anthony,anthony@gmail.com,774-500-62,9/10/2024,1/31/1973,Male
1045,Antonio,antonio@gmail.com,(060)810-9,2/11/2024,10/14/1990,Male
1046,April,april@gmail.com,7699240884,6/22/2024,2/3/2004,Male
1047,Ariana,ariana@gmail.com,(903)502-4,1/21/2024,6/24/1999,Male
1048,Arthur,arthur@gmail.com,001-957-76,7/9/2024,2/28/1974,Male
1049,Ashlee,ashlee@gmail.com,3948343852,9/20/2024,2/24/1985,Male
1050,Ashley,ashley@gmail.com,(429)090-4,3/17/2024,7/19/1974,Female
1051,Audrey,audrey@gmail.com,5928110527,3/24/2025,11/20/1997,Female
1052,Austin,austin@gmail.com,-878,3/29/2024,10/6/1999,Female
1053,Autumn,autumn@gmail.com,654.724.80,3/9/2024,3/26/2001,Female
1054,Bailey,bailey@gmail.com,(191)626-9,11/10/2023,2/26/1983,Male
1055,Barbara,barbara@gmail.com,(845)823-2,11/25/2023,6/3/1995,Male
1056,Barry,barry@gmail.com,-638,5/14/2024,2/24/1978,Female
1057,Becky,becky@gmail.com,(718)640-6,2/9/2025,11/21/1975,Female
1058,Belinda,belinda@gmail.com,(148)834-4,12/7/2023,8/2/1967,Female
1059,Benjamin,benjamin@gmail.com,979.801.64,1/17/2024,1/17/1994,Female
1060,Bernard,bernard@gmail.com,(649)099-9,6/18/2024,12/4/1992,Female
1061,Beth,beth@gmail.com,619.323.56,1/20/2025,2/13/1978,Female
1062,Bethany,bethany@gmail.com,765-032-18,11/18/2023,3/21/1976,Male
1063,Betty,betty@gmail.com,001-584-99,3/15/2025,8/5/1998,Male
1064,Beverly,beverly@gmail.com,215-833-92,10/8/2023,8/14/1977,Male
1065,Bianca,bianca@gmail.com,(055)522-5,5/26/2024,2/10/1968,Female
1066,Bill,bill@gmail.com,(928)559-5,7/21/2023,5/23/1989,Female
1067,Billy,billy@gmail.com,001-259-21,6/5/2023,12/25/1984,Female
1068,Blake,blake@gmail.com,(262)652-2,4/21/2025,2/9/1978,Male
1069,Bob,bob@gmail.com,001-827-66,2/1/2024,10/5/2000,Female
1070,Bobby,bobby@gmail.com,005-114-94,2/19/2024,1/2/1988,Male
1071,Bonnie,bonnie@gmail.com,-790,3/28/2024,10/26/1976,Male
1072,Brad,brad@gmail.com,8125401566,2/26/2024,7/18/1978,Female
1073,Bradley,bradley@gmail.com,3367495190,3/17/2024,7/23/1972,Male
1074,Brandi,brandi@gmail.com,106-891-13,3/20/2024,11/24/1999,Male
1075,Brandon,brandon@gmail.com,681.367.13,12/2/2023,9/9/1977,Male
1076,Brandy,brandy@gmail.com,001-354-26,8/1/2024,10/1/1997,Male
1077,Breanna,breanna@gmail.com,001-961-24,2/27/2024,8/15/1979,Female
1078,Brenda,brenda@gmail.com,-884,2/1/2024,11/9/1997,Female
1079,Brendan,brendan@gmail.com,001-440-23,9/4/2023,10/12/1990,Male
1080,Brent,brent@gmail.com,001-206-25,10/27/2023,10/1/1965,Male
1081,Brett,brett@gmail.com,001-986-25,1/5/2025,8/25/1965,Male
1082,Brian,brian@gmail.com,(152)477-8,6/15/2023,3/8/1980,Female
1083,Briana,briana@gmail.com,-475,9/14/2023,3/3/1976,Female
1084,Brianna,brianna@gmail.com,-979,4/12/2024,12/23/1976,Female
1085,Bridget,bridget@gmail.com,784.330.67,1/12/2024,6/27/1984,Female
1086,Brittany,brittany@gmail.com,001-201-79,5/19/2024,4/9/1982,Female
1087,Brittney,brittney@gmail.com,-959,11/6/2024,6/14/1993,Female
1088,Brooke,brooke@gmail.com,775.589.30,10/27/2023,10/20/1976,Female
1089,Bruce,bruce@gmail.com,001-369-43,1/22/2025,9/27/2003,Male
1090,Bryan,bryan@gmail.com,166.790.46,10/16/2024,4/15/1978,Male
1091,Bryce,bryce@gmail.com,932.126.86,6/1/2023,11/21/1968,Male
1092,Caitlin,caitlin@gmail.com,001-024-93,6/18/2023,4/13/1979,Female
1093,Caitlyn,caitlyn@gmail.com,672.733.69,5/28/2023,11/15/1991,Female
1094,Caleb,caleb@gmail.com,-1131,11/11/2023,1/28/1997,Male
1095,Calvin,calvin@gmail.com,(269)821-4,8/24/2024,12/28/1994,Female
1096,Cameron,cameron@gmail.com,-1073,4/15/2025,1/20/1995,Male
1097,Candace,candace@gmail.com,240-043-40,10/25/2023,12/12/2001,Female
1098,Candice,candice@gmail.com,(400)892-7,5/2/2025,1/16/1968,Female
1099,Carl,carl@gmail.com,5382827721,11/2/2023,9/29/1989,Female
1100,Carla,carla@gmail.com,088-530-59,8/20/2024,6/15/1992,Male
1101,Carlos,carlos@gmail.com,240.644.68,8/23/2024,11/12/1993,Female
1102,Carly,carly@gmail.com,(885)129-0,12/14/2023,2/23/1988,Male
1103,Carmen,carmen@gmail.com,236.464.58,7/4/2023,6/1/1986,Female
1104,Carol,carol@gmail.com,(020)039-9,1/7/2025,9/27/2000,Female
1105,Caroline,caroline@gmail.com,329.015.18,10/27/2024,5/3/1988,Female
1106,Carolyn,carolyn@gmail.com,387.835.10,5/28/2024,6/25/1970,Male
1107,Carrie,carrie@gmail.com,-1315,5/24/2024,6/25/1990,Female
1108,Casey,casey@gmail.com,(215)031-1,6/30/2023,12/10/1992,Female
1109,Cassandra,cassandra@gmail.com,881.949.31,4/25/2025,4/7/1984,Male
1110,Cassidy,cassidy@gmail.com,407.136.47,11/19/2023,8/16/1978,Female
1111,Catherine,catherine@gmail.com,306.182.59,7/11/2023,9/30/1993,Female
1112,Cathy,cathy@gmail.com,625-484-61,1/7/2024,7/29/2001,Male
1113,Cesar,cesar@gmail.com,(115)513-2,11/30/2024,12/6/1981,Male
1114,Chad,chad@gmail.com,462-442-96,2/3/2025,4/9/1976,Male
1115,Charlene,charlene@gmail.com,-434,7/10/2023,12/15/2003,Female
1116,Charles,charles@gmail.com,001-550-27,1/28/2024,11/26/1967,Male
1117,Charlotte,charlotte@gmail.com,3279274997,7/28/2024,12/11/1979,Female
1118,Chase,chase@gmail.com,4480203949,8/13/2024,4/11/1974,Female
1119,Chelsea,chelsea@gmail.com,778.367.41,11/5/2024,4/26/1971,Male
1120,Chelsey,chelsey@gmail.com,973775885,3/10/2024,8/28/1998,Male
1121,Cheryl,cheryl@gmail.com,440-348-16,4/20/2024,4/11/1985,Male
1122,Cheyenne,cheyenne@gmail.com,(093)770-9,11/1/2023,1/4/1969,Male
1123,Chloe,chloe@gmail.com,061-067-42,9/12/2024,6/8/1981,Female
1124,Chris,chris@gmail.com,197-369-51,5/17/2024,7/5/1972,Male
1125,Christian,christian@gmail.com,946-065-36,1/30/2025,4/19/1977,Female
1126,Christie,christie@gmail.com,213-162-54,4/9/2024,4/1/2006,Female
1127,Christina,christina@gmail.com,(117)513-3,10/1/2023,8/4/1987,Female
1128,Christine,christine@gmail.com,001-462-30,11/12/2024,10/11/2006,Male
1129,Christopher,christopher@gmail.com,-416,11/26/2023,4/6/1972,Female
1130,Christy,christy@gmail.com,001-496-49,9/4/2024,6/5/1976,Female
1131,Cindy,cindy@gmail.com,001-510-53,3/10/2024,9/9/1965,Female
1132,Claire,claire@gmail.com,4005182510,3/19/2024,11/29/1993,Male
1133,Clarence,clarence@gmail.com,(525)229-1,2/18/2024,6/7/1965,Male
1134,Claudia,claudia@gmail.com,175.220.19,9/15/2023,2/11/1965,Female
1135,Clayton,clayton@gmail.com,001-693-96,8/7/2024,4/10/1976,Female
1136,Clinton,clinton@gmail.com,001-646-08,9/13/2024,10/17/1973,Female
1137,Cody,cody@gmail.com,1702229048,5/23/2024,12/28/1965,Female
1138,Cole,cole@gmail.com,195.937.03,7/22/2023,3/4/1989,Female
1139,Colin,colin@gmail.com,520.216.07,5/21/2024,4/15/1981,Male
1140,Colleen,colleen@gmail.com,(348)955-5,9/20/2023,4/5/1971,Male
1141,Colton,colton@gmail.com,(522)419-4,4/16/2025,2/14/1967,Female
1142,Connie,connie@gmail.com,662.662.96,9/23/2023,9/19/1998,Male
1143,Connor,connor@gmail.com,-1386,5/29/2024,4/8/1976,Female
1144,Corey,corey@gmail.com,808-476-34,10/12/2023,7/25/1972,Male
1145,Cory,cory@gmail.com,956-779-91,1/18/2025,8/19/1977,Female
1146,Courtney,courtney@gmail.com,-659,9/24/2023,11/6/1966,Male
1147,Craig,craig@gmail.com,(250)353-0,2/17/2025,5/18/1980,Female
1148,Cristian,cristian@gmail.com,-606,2/21/2025,12/27/1984,Male
1149,Cristina,cristina@gmail.com,555-883-50,12/19/2024,8/22/1978,Male
1150,Crystal,crystal@gmail.com,363.103.22,1/17/2025,6/29/2002,Male
1151,Curtis,curtis@gmail.com,-1399,10/1/2024,9/9/1992,Female
1152,Cynthia,cynthia@gmail.com,001-818-30,9/25/2024,12/31/2002,Female
1153,Daisy,daisy@gmail.com,060-008-96,9/16/2024,9/2/1967,Male
1154,Dakota,dakota@gmail.com,(055)604-6,4/5/2025,11/12/1966,Male
1155,Dale,dale@gmail.com,327.420.50,12/27/2024,10/12/1968,Female
1156,Dalton,dalton@gmail.com,208-443-37,7/6/2023,11/22/1979,Female
1157,Damon,damon@gmail.com,789.619.55,6/15/2023,4/12/2000,Female
1158,Dan,dan@gmail.com,-1924,5/19/2023,3/17/1990,Male
1159,Dana,dana@gmail.com,510-407-65,1/15/2024,3/26/1980,Male
1160,Daniel,daniel@gmail.com,568-710-68,1/6/2025,11/5/1992,Male
1161,Danielle,danielle@gmail.com,758.884.47,8/28/2024,11/26/1991,Female
1162,Danny,danny@gmail.com,(825)039-9,6/23/2023,12/26/1964,Male
1163,Darin,darin@gmail.com,001-245-13,9/16/2024,12/21/1986,Male
1164,Darius,darius@gmail.com,605.078.69,7/22/2023,10/7/1991,Female
1165,Darlene,darlene@gmail.com,008-487-61,1/31/2025,11/14/1965,Male
1166,Darrell,darrell@gmail.com,(173)970-9,8/12/2024,3/31/1981,Female
1167,Darren,darren@gmail.com,-1074,11/9/2024,9/9/1986,Male
1168,Darryl,darryl@gmail.com,(562)667-1,8/24/2023,9/29/1983,Female
1169,Daryl,daryl@gmail.com,(492)294-1,8/14/2023,11/4/1999,Female
1170,David,david@gmail.com,161.960.60,10/19/2023,8/17/2004,Male
1171,Dawn,dawn@gmail.com,676-553-43,8/1/2024,8/15/1992,Female
1172,Dean,dean@gmail.com,462.066.33,4/4/2024,12/25/1985,Male
1173,Deanna,deanna@gmail.com,(384)324-4,10/4/2023,5/2/1986,Female
1174,Debbie,debbie@gmail.com,-1229,3/22/2025,7/8/2006,Female
1175,Deborah,deborah@gmail.com,541.139.16,12/19/2023,11/24/1988,Male
1176,Debra,debra@gmail.com,-1201,11/22/2023,6/27/1986,Male
1177,Denise,denise@gmail.com,(326)598-1,12/9/2023,12/11/1967,Male
1178,Dennis,dennis@gmail.com,379-197-30,4/13/2025,3/8/2000,Female
1179,Derek,derek@gmail.com,001-892-77,6/7/2023,7/8/1972,Female
1180,Derrick,derrick@gmail.com,-1027,2/24/2025,3/26/2006,Male
1181,Desiree,desiree@gmail.com,-237,10/31/2023,6/15/1976,Male
1182,Destiny,destiny@gmail.com,-1041,4/27/2024,1/14/1997,Male
1183,Devin,devin@gmail.com,677.414.56,11/11/2023,1/9/1984,Male
1184,Devon,devon@gmail.com,001-446-92,7/29/2023,11/14/1979,Female
1185,Diamond,diamond@gmail.com,2604733661,11/21/2024,4/18/1983,Male
1186,Diana,diana@gmail.com,-1079,11/23/2024,8/22/1978,Female
1187,Diane,diane@gmail.com,(439)954-1,1/31/2025,1/10/1976,Male
1188,Dillon,dillon@gmail.com,211.844.50,12/18/2024,12/14/1974,Female
1189,Dominic,dominic@gmail.com,971-781-40,11/25/2023,8/8/1987,Male
1190,Dominique,dominique@gmail.com,387-064-19,1/17/2024,12/19/2006,Male
1191,Don,don@gmail.com,(771)616-2,1/2/2024,6/14/1986,Female
1192,Donald,donald@gmail.com,-797,2/17/2025,7/30/1981,Female
1193,Donna,donna@gmail.com,-1000,5/1/2025,1/1/1996,Female
1194,Doris,doris@gmail.com,001-648-98,3/1/2024,7/12/1975,Male
1195,Dorothy,dorothy@gmail.com,032.198.47,3/5/2025,12/10/1992,Female
1196,Douglas,douglas@gmail.com,629-591-89,1/29/2024,3/18/1982,Female
1197,Dr,dr@gmail.com,537-754-15,9/7/2024,4/12/2000,Male
1198,Drew,drew@gmail.com,(461)506-9,3/19/2024,6/18/2004,Female
1199,Duane,duane@gmail.com,-1702,2/12/2024,4/24/1981,Male
1200,Dustin,dustin@gmail.com,242-017-66,7/14/2023,6/3/1991,Female
1201,Dwayne,dwayne@gmail.com,3575835862,4/22/2025,8/5/1965,Male
1202,Dylan,dylan@gmail.com,653.569.47,6/10/2024,8/16/1975,Male
1203,Earl,earl@gmail.com,001-867-78,1/26/2024,11/8/1994,Male
1204,Ebony,ebony@gmail.com,-879,5/15/2023,7/6/1974,Female
1205,Eddie,eddie@gmail.com,-645,4/25/2025,9/27/1983,Male
1206,Eduardo,eduardo@gmail.com,2259310505,5/22/2024,5/4/2002,Male
1207,Edward,edward@gmail.com,001-633-74,7/17/2024,1/29/1974,Male
1208,Edwin,edwin@gmail.com,936.961.38,7/11/2024,8/9/1981,Male
1209,Eileen,eileen@gmail.com,(743)354-1,2/24/2024,2/9/1967,Male
1210,Elaine,elaine@gmail.com,450-190-95,12/23/2024,6/29/1995,Male
1211,Elijah,elijah@gmail.com,088-601-79,6/23/2023,9/11/1989,Male
1212,Elizabeth,elizabeth@gmail.com,029.647.32,6/5/2024,2/2/1974,Male
1213,Ellen,ellen@gmail.com,620.640.39,12/1/2024,6/26/1974,Female
1214,Emily,emily@gmail.com,4203069167,1/2/2024,8/28/1975,Female
1215,Emma,emma@gmail.com,001-707-34,4/15/2024,11/1/1979,Female
1216,Eric,eric@gmail.com,(576)310-9,12/9/2023,5/10/1993,Female
1217,Erica,erica@gmail.com,5678147915,12/12/2024,12/2/1981,Female
1218,Erik,erik@gmail.com,-255,5/18/2023,10/21/1986,Male
1219,Erika,erika@gmail.com,343-547-15,6/25/2023,9/4/1974,Female
1220,Erin,erin@gmail.com,(437)749-4,10/8/2023,8/1/1992,Male
1221,Ernest,ernest@gmail.com,325.833.96,1/31/2024,3/31/1988,Female
1222,Ethan,ethan@gmail.com,770-762-66,8/17/2024,2/16/2000,Female
1223,Eugene,eugene@gmail.com,190-420-18,8/9/2023,4/3/2006,Male
1224,Evan,evan@gmail.com,001-509-83,1/8/2025,11/14/1976,Female
1225,Evelyn,evelyn@gmail.com,-406,9/6/2024,8/17/1991,Male
1226,Faith,faith@gmail.com,155-009-64,4/20/2025,10/15/1970,Female
1227,Felicia,felicia@gmail.com,(797)982-9,8/1/2024,2/16/2007,Female
1228,Fernando,fernando@gmail.com,001-993-42,8/6/2024,2/28/1985,Male
1229,Frances,frances@gmail.com,-1168,6/8/2024,8/15/1973,Female
1230,Francis,francis@gmail.com,-707,5/10/2025,8/14/1991,Male
1231,Francisco,francisco@gmail.com,585.036.92,3/15/2024,11/15/2005,Male
1232,Frank,frank@gmail.com,-723,4/30/2025,4/23/1986,Female
1233,Franklin,franklin@gmail.com,411-387-42,1/24/2024,7/2/1966,Male
1234,Fred,fred@gmail.com,579-458-56,12/23/2023,10/4/1974,Male
1235,Frederick,frederick@gmail.com,220-094-02,6/15/2023,11/4/1993,Male
1236,Gabriel,gabriel@gmail.com,(272)969-7,10/3/2023,3/24/1997,Female
1237,Gabriela,gabriela@gmail.com,(124)236-7,12/3/2024,9/25/1998,Male
1238,Gabrielle,gabrielle@gmail.com,924-009-81,3/28/2024,9/12/2003,Male
1239,Gail,gail@gmail.com,(883)779-7,9/23/2024,2/13/1988,Male
1240,Garrett,garrett@gmail.com,001-052-20,5/2/2024,5/24/1979,Male
1241,Gary,gary@gmail.com,001-718-61,5/19/2023,11/5/1993,Female
1242,Gene,gene@gmail.com,956-844-99,2/10/2024,8/6/1965,Male
1243,Geoffrey,geoffrey@gmail.com,5329298942,8/25/2024,7/26/1989,Female
1244,George,george@gmail.com,-440,7/16/2024,7/19/2001,Male
1245,Gerald,gerald@gmail.com,3715935999,5/1/2024,3/11/1991,Female
1246,Gilbert,gilbert@gmail.com,-1084,7/11/2023,12/30/1969,Female
1247,Gina,gina@gmail.com,539.117.92,11/9/2024,11/12/1969,Female
1248,Glen,glen@gmail.com,001-550-24,9/4/2024,10/31/1981,Male
1249,Glenda,glenda@gmail.com,444.268.28,12/29/2023,11/15/1970,Male
1250,Glenn,glenn@gmail.com,001-174-62,1/21/2024,4/15/1975,Female
1251,Gloria,gloria@gmail.com,(162)302-4,5/20/2023,2/6/1996,Male
1252,Grace,grace@gmail.com,(903)700-8,2/7/2025,4/24/1980,Female
1253,Grant,grant@gmail.com,001-730-39,7/13/2023,8/23/2001,Male
1254,Greg,greg@gmail.com,3573614471,7/29/2023,12/16/1986,Male
1255,Gregg,gregg@gmail.com,001-642-19,3/30/2024,2/28/1972,Female
1256,Gregory,gregory@gmail.com,815905550,2/15/2025,4/30/1998,Male
1257,Guy,guy@gmail.com,001-260-46,2/12/2024,6/3/1980,Female
1258,Gwendolyn,gwendolyn@gmail.com,401-277-20,4/28/2024,5/6/1973,Male
1259,Hailey,hailey@gmail.com,308-723-51,7/5/2023,5/20/1996,Female
1260,Haley,haley@gmail.com,-309,5/12/2023,7/11/1969,Female
1261,Hannah,hannah@gmail.com,861-322-24,1/30/2024,2/18/1989,Female
1262,Harold,harold@gmail.com,006-787-62,1/5/2025,1/11/1992,Male
1263,Harry,harry@gmail.com,885.355.27,12/14/2024,4/27/1992,Female
1264,Hayden,hayden@gmail.com,579-579-32,6/2/2023,11/18/1974,Female
1265,Hayley,hayley@gmail.com,905.469.66,11/19/2023,10/5/1969,Female
1266,Heather,heather@gmail.com,-335,10/22/2023,6/4/1975,Male
1267,Hector,hector@gmail.com,(735)712-9,6/16/2024,5/21/1973,Female
1268,Heidi,heidi@gmail.com,(072)922-1,9/15/2024,7/22/1969,Male
1269,Helen,helen@gmail.com,102-457-38,5/17/2023,2/27/2004,Male
1270,Henry,henry@gmail.com,-1524,9/8/2023,10/19/1991,Female
1271,Holly,holly@gmail.com,462.387.48,3/21/2025,8/9/2006,Female
1272,Howard,howard@gmail.com,6519035386,4/9/2025,9/26/1977,Male
1273,Hunter,hunter@gmail.com,090-600-27,6/10/2024,10/2/1995,Female
1274,Ian,ian@gmail.com,-987,5/8/2025,9/13/2000,Male
1275,Isaac,isaac@gmail.com,-721,1/3/2024,12/19/1979,Female
1276,Isabel,isabel@gmail.com,001-353-66,3/27/2024,1/2/2007,Male
1277,Isabella,isabella@gmail.com,(636)032-6,11/1/2024,2/27/1981,Male
1278,Isaiah,isaiah@gmail.com,(353)431-1,8/2/2023,6/12/2006,Female
1279,Jack,jack@gmail.com,755.748.98,4/4/2024,6/8/1973,Male
1280,Jackie,jackie@gmail.com,-1305,7/25/2023,12/24/1972,Male
1281,Jackson,jackson@gmail.com,(502)726-5,2/28/2025,10/25/1980,Male
1282,Jacob,jacob@gmail.com,272-377-41,10/28/2023,2/5/1971,Male
1283,Jacqueline,jacqueline@gmail.com,001-288-06,10/15/2023,7/20/2002,Female
1284,Jade,jade@gmail.com,(531)581-5,12/19/2023,6/26/1978,Male
1285,Jaime,jaime@gmail.com,001-083-26,12/9/2024,11/12/2003,Female
1286,Jake,jake@gmail.com,(930)377-4,9/22/2024,5/16/1979,Male
1287,James,james@gmail.com,001-887-85,8/12/2023,6/28/1984,Female
1288,Jamie,jamie@gmail.com,-622,11/23/2023,5/18/1973,Male
1289,Jane,jane@gmail.com,001-858-33,6/4/2024,3/21/1991,Female
1290,Janet,janet@gmail.com,001-155-65,6/15/2023,4/14/1979,Male
1291,Janice,janice@gmail.com,(150)678-4,6/2/2024,5/11/1994,Female
1292,Jared,jared@gmail.com,102.532.23,8/26/2024,8/18/1988,Male
1293,Jasmine,jasmine@gmail.com,764.530.18,1/21/2024,4/29/1982,Female
1294,Jason,jason@gmail.com,(033)412-4,12/9/2023,12/5/2005,Female
1295,Javier,javier@gmail.com,-442,5/7/2025,10/16/2003,Female
1296,Jay,jay@gmail.com,-1165,12/14/2023,12/29/1992,Male
1297,Jean,jean@gmail.com,(677)157-2,1/4/2025,3/4/2007,Male
1298,Jeanette,jeanette@gmail.com,001-990-69,5/6/2024,5/21/1987,Male
1299,Jeanne,jeanne@gmail.com,872-515-74,1/7/2024,4/21/1977,Male
1300,Jeff,jeff@gmail.com,(726)599-0,8/9/2024,5/24/2005,Male
1301,Jeffery,jeffery@gmail.com,-271,11/23/2024,10/23/1979,Female
1302,Jeffrey,jeffrey@gmail.com,535.566.98,11/27/2024,7/2/1992,Female
1303,Jenna,jenna@gmail.com,(123)418-8,3/16/2025,1/31/1978,Female
1304,Jennifer,jennifer@gmail.com,-1244,11/2/2023,11/24/1988,Male
1305,Jenny,jenny@gmail.com,-1306,4/11/2024,4/6/2003,Male
1306,Jeremiah,jeremiah@gmail.com,308-034-50,10/3/2023,9/9/1995,Male
1307,Jeremy,jeremy@gmail.com,(026)031-3,8/22/2023,7/8/2002,Male
1308,Jermaine,jermaine@gmail.com,7635370589,12/24/2023,6/7/2004,Male
1309,Jerome,jerome@gmail.com,(574)011-7,8/7/2024,12/1/2004,Male
1310,Jerry,jerry@gmail.com,001-300-30,6/12/2023,3/10/2007,Female
1311,Jesse,jesse@gmail.com,(284)648-7,1/10/2025,4/18/1970,Female
1312,Jessica,jessica@gmail.com,001-558-38,3/18/2024,5/21/1993,Female
1313,Jesus,jesus@gmail.com,001-455-19,2/5/2025,6/22/1977,Female
1314,Jill,jill@gmail.com,237-836-80,4/19/2024,1/30/1999,Male
1315,Jillian,jillian@gmail.com,771-988-66,12/19/2023,6/23/2000,Male
1316,Jim,jim@gmail.com,2843006131,10/27/2023,12/26/2002,Male
1317,Jimmy,jimmy@gmail.com,(472)666-6,4/1/2024,2/22/1968,Female
1318,Jo,jo@gmail.com,216-685-86,5/19/2023,3/15/1993,Male
1319,Joan,joan@gmail.com,714-980-67,10/24/2024,6/11/1991,Male
1320,Joann,joann@gmail.com,001-164-28,3/8/2025,10/14/1979,Female
1321,Joanna,joanna@gmail.com,001-353-29,12/12/2024,2/8/1972,Female
1322,Joanne,joanne@gmail.com,984.123.16,8/24/2024,6/30/1971,Male
1323,Jocelyn,jocelyn@gmail.com,032.149.28,11/15/2023,9/20/1992,Male
1324,Jodi,jodi@gmail.com,868.742.15,3/25/2025,2/17/1965,Female
1325,Jody,jody@gmail.com,153-682-08,10/17/2024,10/12/1993,Female
1326,Joe,joe@gmail.com,887-166-79,8/2/2023,11/7/1967,Female
1327,Joel,joel@gmail.com,812.365.88,1/29/2025,1/21/1980,Female
1328,John,john@gmail.com,(123)632-0,4/20/2025,8/7/1996,Female
1329,Johnathan,johnathan@gmail.com,023.952.07,5/15/2024,5/25/1980,Female
1330,Johnny,johnny@gmail.com,888.978.88,1/19/2025,4/3/1967,Male
1331,Jon,jon@gmail.com,-566,2/5/2025,3/26/2003,Female
1332,Jonathan,jonathan@gmail.com,001-987-63,12/14/2023,2/15/1967,Male
1333,Jonathon,jonathon@gmail.com,(036)315-2,10/8/2023,7/22/1977,Male
1334,Jordan,jordan@gmail.com,401.103.52,3/28/2024,6/5/1972,Male
1335,Jorge,jorge@gmail.com,5711156661,6/30/2023,12/30/2000,Male
1336,Jose,jose@gmail.com,(059)537-9,10/27/2023,9/25/1998,Male
1337,Joseph,joseph@gmail.com,912.924.02,10/3/2023,8/13/1986,Female
1338,Joshua,joshua@gmail.com,(698)683-2,4/25/2025,3/7/1979,Female
1339,Joy,joy@gmail.com,(049)502-4,11/29/2024,5/18/1968,Female
1340,Joyce,joyce@gmail.com,606-981-38,5/26/2024,9/12/1998,Female
1341,Juan,juan@gmail.com,617-421-64,12/6/2024,10/21/2004,Female
1342,Judith,judith@gmail.com,(031)734-6,9/9/2023,2/6/1990,Male
1343,Judy,judy@gmail.com,599.063.93,4/5/2024,2/18/1972,Male
1344,Julia,julia@gmail.com,555-334-21,9/2/2023,6/30/1995,Female
1345,Julian,julian@gmail.com,-453,8/9/2023,1/25/2000,Female
1346,Julie,julie@gmail.com,-973,2/22/2024,4/24/1994,Male
1347,Justin,justin@gmail.com,053-635-61,7/24/2024,8/6/1972,Female
1348,Kaitlyn,kaitlyn@gmail.com,(092)200-8,1/14/2024,2/28/1972,Female
1349,Kara,kara@gmail.com,848.220.49,5/19/2024,10/1/1982,Male
1350,Karen,karen@gmail.com,-1110,12/22/2023,11/8/1967,Female
1351,Kari,kari@gmail.com,261-679-16,1/21/2024,8/14/1967,Male
1352,Karina,karina@gmail.com,7588037572,12/9/2024,12/23/1965,Male
1353,Karl,karl@gmail.com,999.885.51,11/22/2024,4/9/2004,Female
1354,Karla,karla@gmail.com,305-059-68,6/4/2024,11/7/1964,Male
1355,Katelyn,katelyn@gmail.com,-1014,12/23/2023,8/20/1985,Female
1356,Katherine,katherine@gmail.com,650.822.61,9/10/2024,3/23/1976,Female
1357,Kathleen,kathleen@gmail.com,001-013-04,4/1/2024,8/31/1971,Female
1358,Kathryn,kathryn@gmail.com,315.794.07,4/26/2025,7/5/1983,Male
1359,Kathy,kathy@gmail.com,971-508-25,2/4/2025,6/28/2006,Male
1360,Katie,katie@gmail.com,-627,2/25/2024,5/25/1971,Male
1361,Katrina,katrina@gmail.com,6510502499,8/26/2024,4/6/1984,Male
1362,Kayla,kayla@gmail.com,-1243,6/14/2024,1/17/2000,Male
1363,Kaylee,kaylee@gmail.com,-745,12/31/2024,9/2/1998,Male
1364,Keith,keith@gmail.com,790.246.17,1/14/2024,8/3/2003,Male
1365,Kelli,kelli@gmail.com,001-200-08,10/21/2023,3/29/2004,Male
1366,Kellie,kellie@gmail.com,345-580-69,3/30/2024,3/13/1981,Female
1367,Kelly,kelly@gmail.com,(874)547-0,10/16/2024,2/25/1965,Female
1368,Kelsey,kelsey@gmail.com,7826453546,2/1/2025,7/9/1964,Female
1369,Kendra,kendra@gmail.com,001-073-64,1/24/2025,12/14/2005,Female
1370,Kenneth,kenneth@gmail.com,001-402-69,3/6/2024,1/24/1988,Male
1371,Kent,kent@gmail.com,918-865-82,11/24/2023,5/12/1980,Female
1372,Kerry,kerry@gmail.com,-1274,9/6/2024,6/27/2000,Male
1373,Kevin,kevin@gmail.com,940-059-85,1/15/2025,5/21/1974,Male
1374,Kiara,kiara@gmail.com,468-296-92,9/16/2023,12/11/1979,Female
1375,Kim,kim@gmail.com,600-058-60,11/14/2023,5/1/1988,Female
1376,Kimberly,kimberly@gmail.com,067.780.84,2/3/2025,8/15/1989,Male
1377,Kirsten,kirsten@gmail.com,1893945369,1/2/2025,12/24/1993,Female
1378,Krista,krista@gmail.com,-1452,4/20/2025,4/29/2006,Male
1379,Kristen,kristen@gmail.com,001-771-19,8/30/2024,4/19/2000,Male
1380,Kristi,kristi@gmail.com,6302227425,6/23/2024,1/9/2004,Male
1381,Kristie,kristie@gmail.com,001-161-13,8/6/2023,7/9/1993,Female
1382,Kristin,kristin@gmail.com,-893,10/28/2024,5/28/1964,Male
1383,Kristina,kristina@gmail.com,001-460-87,4/21/2024,7/17/1973,Male
1384,Kristine,kristine@gmail.com,761-053-52,4/2/2025,7/24/1991,Male
1385,Kristopher,kristopher@gmail.com,9002491024,1/12/2025,9/16/1981,Male
1386,Kristy,kristy@gmail.com,001-621-47,12/7/2024,10/8/1989,Female
1387,Krystal,krystal@gmail.com,136.374.96,7/9/2024,12/25/1985,Male
1388,Kurt,kurt@gmail.com,109.574.79,2/26/2025,2/27/1984,Female
1389,Kyle,kyle@gmail.com,001-670-63,3/19/2025,2/13/1972,Female
1390,Kylie,kylie@gmail.com,-946,10/23/2023,3/24/1980,Male
1391,Lacey,lacey@gmail.com,229-700-33,8/6/2023,12/30/1990,Female
1392,Lance,lance@gmail.com,113-429-83,1/21/2024,10/2/1964,Male
1393,Larry,larry@gmail.com,-1258,9/8/2023,4/15/1988,Female
1394,Latasha,latasha@gmail.com,(610)479-1,9/15/2024,10/28/1966,Female
1395,Latoya,latoya@gmail.com,514-565-87,9/10/2024,1/5/1976,Male
1396,Laura,laura@gmail.com,598-736-60,10/30/2023,8/2/1979,Male
1397,Lauren,lauren@gmail.com,(569)053-9,12/5/2023,4/15/1968,Male
1398,Laurie,laurie@gmail.com,7109383210,6/3/2024,12/1/1991,Female
1399,Lawrence,lawrence@gmail.com,(173)868-3,7/2/2023,4/28/2000,Male
1400,Leah,leah@gmail.com,402-833-82,11/7/2023,8/30/2001,Male
1401,Lee,lee@gmail.com,001-674-37,2/2/2024,9/12/1978,Male
1402,Leon,leon@gmail.com,9175639285,2/10/2024,1/5/1979,Female
1403,Leonard,leonard@gmail.com,001-261-78,1/5/2025,4/5/1988,Female
1404,Leroy,leroy@gmail.com,098.161.28,10/25/2024,3/4/1995,Female
1405,Leslie,leslie@gmail.com,(763)765-8,2/23/2025,2/20/1997,Female
1406,Levi,levi@gmail.com,605-451-85,2/29/2024,6/20/1985,Male
1407,Linda,linda@gmail.com,(668)995-0,2/21/2025,1/10/2000,Female
1408,Lindsay,lindsay@gmail.com,90929149,3/6/2025,9/26/1964,Female
1409,Lindsey,lindsey@gmail.com,001-258-94,11/27/2024,4/19/2000,Female
1410,Lisa,lisa@gmail.com,(416)436-4,7/7/2024,6/26/1982,Male
1411,Logan,logan@gmail.com,(949)233-5,7/30/2024,4/26/1993,Male
1412,Lonnie,lonnie@gmail.com,399.729.01,12/2/2023,12/28/1982,Female
1413,Loretta,loretta@gmail.com,001-009-79,12/9/2023,9/6/1999,Male
1414,Lori,lori@gmail.com,124.097.28,7/18/2024,1/19/2004,Male
1415,Lorraine,lorraine@gmail.com,064.545.08,7/16/2023,7/10/1976,Female
1416,Louis,louis@gmail.com,001-286-50,2/16/2025,6/18/1976,Female
1417,Lucas,lucas@gmail.com,001-119-97,10/6/2024,10/29/1998,Male
1418,Luis,luis@gmail.com,006-369-20,3/4/2025,3/17/1985,Female
1419,Luke,luke@gmail.com,022.880.64,4/11/2025,7/24/1974,Male
1420,Lynn,lynn@gmail.com,703.730.05,12/6/2024,6/17/1980,Female
1421,Mackenzie,mackenzie@gmail.com,(083)983-2,5/2/2024,1/7/1994,Male
1422,Madeline,madeline@gmail.com,001-607-44,5/11/2024,2/12/2000,Female
1423,Madison,madison@gmail.com,647.219.14,7/11/2024,2/8/1990,Male
1424,Mallory,mallory@gmail.com,684-976-97,4/3/2025,9/10/1989,Female
1425,Manuel,manuel@gmail.com,667-480-08,11/7/2023,4/25/1978,Female
1426,Marc,marc@gmail.com,251.220.02,11/9/2023,7/31/1982,Female
1427,Marcia,marcia@gmail.com,367-424-12,12/6/2023,7/9/1985,Male
1428,Marcus,marcus@gmail.com,224-405-79,6/2/2023,10/19/1968,Male
1429,Margaret,margaret@gmail.com,(905)898-9,11/25/2024,2/19/2001,Male
1430,Maria,maria@gmail.com,-434,10/31/2023,12/17/1971,Male
1431,Mariah,mariah@gmail.com,(545)447-4,5/29/2024,10/9/1995,Female
1432,Marie,marie@gmail.com,-625,6/15/2023,10/28/1984,Female
1433,Marilyn,marilyn@gmail.com,(311)819-9,3/25/2024,10/2/2004,Male
1434,Mario,mario@gmail.com,931.914.39,10/15/2023,9/17/1982,Female
1435,Marisa,marisa@gmail.com,(444)798-3,1/5/2025,9/15/1991,Male
1436,Marissa,marissa@gmail.com,-892,12/29/2023,10/31/1995,Male
1437,Mark,mark@gmail.com,-425,7/31/2023,8/4/2006,Male
1438,Martha,martha@gmail.com,001-004-37,1/31/2024,8/12/1991,Female
1439,Martin,martin@gmail.com,762.672.87,4/10/2025,1/27/1966,Female
1440,Marvin,marvin@gmail.com,(506)448-3,4/3/2025,8/20/1973,Male
1441,Mary,mary@gmail.com,614.294.89,10/28/2024,9/19/1982,Female
1442,Mason,mason@gmail.com,(029)817-6,6/3/2024,9/4/1982,Female
1443,Mathew,mathew@gmail.com,450.460.99,5/22/2024,10/19/1996,Female
1444,Matthew,matthew@gmail.com,094.018.62,7/27/2023,8/2/1991,Female
1445,Maureen,maureen@gmail.com,(181)383-9,12/17/2023,5/15/1999,Female
1446,Maurice,maurice@gmail.com,(049)246-1,1/9/2024,11/7/2005,Male
1447,Max,max@gmail.com,531.456.11,12/19/2024,2/19/1996,Male
1448,Maxwell,maxwell@gmail.com,741.337.66,11/23/2023,8/28/1978,Female
1449,Mckenzie,mckenzie@gmail.com,001-841-20,1/31/2024,7/9/2005,Male
1450,Meagan,meagan@gmail.com,098-663-36,5/1/2025,8/23/1986,Male
1451,Megan,megan@gmail.com,(415)050-7,3/2/2025,7/27/1980,Male
1452,Meghan,meghan@gmail.com,(167)500-9,5/27/2023,8/6/1989,Female
1453,Melanie,melanie@gmail.com,694-427-58,8/24/2023,2/15/1967,Female
1454,Melinda,melinda@gmail.com,366-280-22,8/2/2024,12/21/1968,Female
1455,Melissa,melissa@gmail.com,955-812-64,1/18/2024,2/11/1996,Male
1456,Melody,melody@gmail.com,9644172393,1/22/2025,10/21/2001,Female
1457,Mercedes,mercedes@gmail.com,001-441-73,8/15/2024,6/14/1973,Female
1458,Meredith,meredith@gmail.com,224.226.08,1/14/2025,7/28/1974,Male
1459,Mia,mia@gmail.com,045-631-53,10/29/2024,12/17/1967,Female
1460,Michael,michael@gmail.com,001-283-58,9/27/2023,6/13/1990,Male
1461,Michaela,michaela@gmail.com,224.174.50,8/18/2024,3/21/1968,Female
1462,Micheal,micheal@gmail.com,085.527.73,10/26/2023,6/15/1992,Female
1463,Michele,michele@gmail.com,(852)303-0,10/5/2023,9/8/1979,Female
1464,Michelle,michelle@gmail.com,-564,12/9/2023,12/22/2003,Male
1465,Miguel,miguel@gmail.com,-955,8/29/2023,2/6/1969,Female
1466,Mikayla,mikayla@gmail.com,596.308.79,8/31/2024,2/21/1995,Female
1467,Mike,mike@gmail.com,120.273.97,12/7/2024,9/27/1969,Male
1468,Mindy,mindy@gmail.com,672.776.52,12/7/2024,11/4/1997,Male
1469,Miranda,miranda@gmail.com,7681843752,7/14/2023,10/17/1974,Female
1470,Miss,miss@gmail.com,(155)674-4,10/21/2024,3/19/1973,Male
1471,Misty,misty@gmail.com,(407)788-4,2/13/2025,3/16/1973,Male
1472,Mitchell,mitchell@gmail.com,001-008-16,5/26/2024,10/24/1989,Female
1473,Molly,molly@gmail.com,250-400-58,8/28/2024,1/16/1973,Female
1474,Monica,monica@gmail.com,554.402.85,7/29/2023,3/1/1985,Female
1475,Monique,monique@gmail.com,001-268-35,4/20/2024,4/24/1967,Female
1476,Morgan,morgan@gmail.com,(971)325-7,1/1/2024,1/20/1985,Male
1477,Mr,mr@gmail.com,422-553-84,6/8/2024,6/9/1970,Female
1478,Mrs,mrs@gmail.com,001-550-81,10/15/2023,10/14/1979,Female
1479,Ms,ms@gmail.com,001-681-21,10/8/2023,8/26/2001,Female
1480,Nancy,nancy@gmail.com,-726,10/30/2023,4/12/1989,Male
1481,Natalie,natalie@gmail.com,-577,8/20/2023,12/31/1983,Female
1482,Natasha,natasha@gmail.com,(873)915-9,8/26/2024,3/14/1966,Male
1483,Nathan,nathan@gmail.com,-646,3/14/2025,10/17/1982,Female
1484,Nathaniel,nathaniel@gmail.com,314.807.49,10/19/2023,12/17/1983,Male
1485,Nicholas,nicholas@gmail.com,(169)508-6,9/26/2024,9/23/1965,Male
1486,Nichole,nichole@gmail.com,001-761-57,9/9/2024,1/29/1989,Male
1487,Nicolas,nicolas@gmail.com,(205)642-1,6/15/2024,11/22/1971,Female
1488,Nicole,nicole@gmail.com,-1630,12/5/2024,2/9/2001,Female
1489,Nina,nina@gmail.com,001-149-31,2/5/2025,10/22/1965,Male
1490,Noah,noah@gmail.com,-1046,5/6/2025,4/13/1992,Female
1491,Norma,norma@gmail.com,987.065.87,1/29/2025,1/29/1991,Female
1492,Norman,norman@gmail.com,611-133-98,11/14/2024,12/12/1990,Female
1493,Olivia,olivia@gmail.com,-1441,3/13/2025,1/16/1969,Female
1494,Omar,omar@gmail.com,2310825732,11/24/2023,7/16/1970,Male
1495,Oscar,oscar@gmail.com,001-585-58,11/3/2024,4/26/1968,Male
1496,Paige,paige@gmail.com,001-541-12,5/6/2024,6/14/1980,Female
1497,Pamela,pamela@gmail.com,(220)330-4,10/7/2024,6/12/1972,Male
1498,Parker,parker@gmail.com,(701)067-6,9/15/2023,2/12/1970,Female
1499,Patricia,patricia@gmail.com,(740)730-8,7/16/2024,6/13/2001,Male
1500,Patrick,patrick@gmail.com,001-183-96,3/17/2025,12/15/1987,Female
1501,Paul,paul@gmail.com,375.335.72,6/20/2024,9/9/1966,Female
1502,Paula,paula@gmail.com,427-843-89,1/31/2024,3/22/1970,Female
1503,Pedro,pedro@gmail.com,760-298-40,2/29/2024,7/4/2004,Male
1504,Peggy,peggy@gmail.com,638.074.91,7/20/2024,2/9/1977,Male
1505,Penny,penny@gmail.com,001-657-42,10/2/2024,1/3/2002,Male
1506,Perry,perry@gmail.com,(346)454-2,10/12/2024,5/13/1988,Female
1507,Peter,peter@gmail.com,-1733,2/25/2025,9/20/1982,Female
1508,Philip,philip@gmail.com,-1377,7/4/2024,4/28/1969,Male
1509,Phillip,phillip@gmail.com,(356)484-1,11/24/2024,8/26/1985,Male
1510,Preston,preston@gmail.com,643.277.28,1/13/2025,7/7/1969,Male
1511,Rachael,rachael@gmail.com,-1110,3/3/2024,2/28/2001,Male
1512,Rachel,rachel@gmail.com,-1386,10/3/2023,9/4/1996,Female
1513,Ralph,ralph@gmail.com,(926)392-0,8/8/2023,4/30/1990,Female
1514,Randall,randall@gmail.com,(329)888-7,10/16/2023,2/25/1976,Female
1515,Randy,randy@gmail.com,582.378.28,11/4/2024,5/19/1994,Female
1516,Raven,raven@gmail.com,(803)718-4,5/21/2024,5/28/1988,Female
1517,Raymond,raymond@gmail.com,126.055.62,5/8/2024,5/23/1977,Male
1518,Rebecca,rebecca@gmail.com,(822)272-4,2/24/2024,2/2/1972,Female
1519,Rebekah,rebekah@gmail.com,8375373651,1/18/2025,7/2/1974,Female
1520,Regina,regina@gmail.com,-107,6/16/2024,2/12/1981,Female
1521,Reginald,reginald@gmail.com,(824)493-9,2/1/2024,11/27/1994,Female
1522,Renee,renee@gmail.com,(277)423-7,1/1/2025,4/23/1971,Male
1523,Rhonda,rhonda@gmail.com,021.891.81,5/18/2024,8/3/1988,Male
1524,Richard,richard@gmail.com,975.926.87,7/28/2023,2/15/1993,Female
1525,Rickey,rickey@gmail.com,190-258-03,11/8/2024,1/19/1968,Female
1526,Ricky,ricky@gmail.com,001-894-53,5/3/2025,4/16/2001,Male
1527,Riley,riley@gmail.com,(011)355-7,10/11/2023,2/25/1975,Male
1528,Rita,rita@gmail.com,(807)211-0,12/27/2024,3/23/2003,Male
1529,Robert,robert@gmail.com,445.451.93,3/6/2025,4/13/1987,Female
1530,Roberta,roberta@gmail.com,001-683-92,3/17/2024,8/3/1980,Male
1531,Roberto,roberto@gmail.com,128.164.55,12/28/2024,3/6/1996,Female
1532,Robin,robin@gmail.com,001-214-99,3/27/2025,7/3/1997,Female
1533,Robyn,robyn@gmail.com,(598)900-6,4/3/2025,7/2/1984,Female
1534,Rodney,rodney@gmail.com,-476,6/7/2024,3/26/1973,Female
1535,Roger,roger@gmail.com,755.038.97,5/1/2025,8/26/2000,Male
1536,Ronald,ronald@gmail.com,687-717-58,4/15/2024,10/31/2000,Male
1537,Ronnie,ronnie@gmail.com,001-358-29,8/4/2024,11/4/1966,Female
1538,Rose,rose@gmail.com,587.232.50,9/22/2024,9/18/1981,Female
1539,Roy,roy@gmail.com,341-080-57,2/20/2025,4/1/2003,Female
1540,Ruben,ruben@gmail.com,319-763-55,5/21/2024,10/25/1994,Female
1541,Russell,russell@gmail.com,548-180-55,8/13/2024,8/24/2001,Female
1542,Ruth,ruth@gmail.com,216.936.38,5/27/2024,3/6/1968,Female
1543,Ryan,ryan@gmail.com,555-343-70,1/23/2024,4/15/1994,Male
1544,Sabrina,sabrina@gmail.com,-527,2/11/2025,1/11/1997,Male
1545,Sally,sally@gmail.com,001-993-12,1/10/2025,10/26/1987,Female
1546,Samantha,samantha@gmail.com,001-922-05,1/17/2024,10/15/1967,Female
1547,Samuel,samuel@gmail.com,151.493.43,5/21/2023,4/26/1985,Male
1548,Sandra,sandra@gmail.com,272-788-87,6/4/2024,2/8/2002,Male
1549,Sandy,sandy@gmail.com,001-444-22,1/25/2025,6/26/1990,Male
1550,Sara,sara@gmail.com,590-887-37,6/2/2023,11/6/1983,Female
1551,Sarah,sarah@gmail.com,964.774.38,7/3/2024,10/17/1967,Female
1552,Savannah,savannah@gmail.com,(688)310-3,5/12/2023,7/18/1975,Male
1553,Scott,scott@gmail.com,-1014,6/16/2023,4/26/1969,Male
1554,Sean,sean@gmail.com,(581)017-3,3/15/2025,7/6/1974,Male
1555,Selena,selena@gmail.com,001-908-53,8/12/2023,1/14/1979,Male
1556,Sergio,sergio@gmail.com,001-520-72,7/23/2023,6/8/1986,Male
1557,Seth,seth@gmail.com,(691)225-2,6/17/2024,2/8/1968,Female
1558,Shane,shane@gmail.com,-1718,7/8/2024,3/7/1997,Female
1559,Shannon,shannon@gmail.com,001-920-32,6/10/2023,1/14/1966,Male
1560,Shari,shari@gmail.com,001-878-55,12/9/2023,10/21/2006,Male
1561,Sharon,sharon@gmail.com,577-509-38,5/18/2023,9/28/1975,Male
1562,Shaun,shaun@gmail.com,(436)882-8,5/3/2024,7/24/1986,Male
1563,Shawn,shawn@gmail.com,001-698-87,4/12/2025,2/1/1990,Male
1564,Shawna,shawna@gmail.com,7687742970,10/3/2024,4/22/1999,Male
1565,Sheena,sheena@gmail.com,384-213-66,2/25/2024,4/1/1982,Female
1566,Sheila,sheila@gmail.com,440.325.71,1/9/2025,5/16/1995,Male
1567,Shelby,shelby@gmail.com,789-786-65,12/11/2023,1/13/1986,Female
1568,Shelia,shelia@gmail.com,782-891-27,3/18/2024,8/17/1968,Male
1569,Shelley,shelley@gmail.com,-1122,8/31/2023,1/20/1979,Male
1570,Shelly,shelly@gmail.com,027-837-80,1/24/2025,11/12/1999,Male
1571,Sheri,sheri@gmail.com,-1061,2/26/2025,9/10/1975,Male
1572,Sherri,sherri@gmail.com,646.163.75,3/14/2024,2/25/1983,Female
1573,Sherry,sherry@gmail.com,503.240.25,9/21/2024,12/15/1973,Male
1574,Sheryl,sheryl@gmail.com,(017)207-4,11/11/2024,1/5/1999,Female
1575,Shirley,shirley@gmail.com,(308)428-0,5/5/2024,8/1/1969,Female
1576,Sierra,sierra@gmail.com,1605928589,7/17/2024,6/26/1970,Female
1577,Sonia,sonia@gmail.com,001-497-34,7/17/2023,6/15/1980,Male
1578,Sonya,sonya@gmail.com,-1043,4/10/2025,9/2/1998,Male
1579,Sophia,sophia@gmail.com,207.682.61,12/17/2024,5/8/1982,Female
1580,Spencer,spencer@gmail.com,(540)918-2,12/1/2023,5/12/1974,Female
1581,Stacey,stacey@gmail.com,(544)370-2,2/19/2025,6/27/1996,Male
1582,Stacie,stacie@gmail.com,-1051,1/6/2024,11/5/1991,Female
1583,Stacy,stacy@gmail.com,746-400-33,6/12/2024,10/14/1986,Male
1584,Stanley,stanley@gmail.com,631-189-14,3/25/2024,2/13/1981,Male
1585,Stefanie,stefanie@gmail.com,001-506-16,11/20/2024,4/6/1966,Male
1586,Stephanie,stephanie@gmail.com,-642,8/9/2023,5/1/2007,Male
1587,Stephen,stephen@gmail.com,001-803-66,11/23/2024,12/5/1973,Female
1588,Steve,steve@gmail.com,148.099.15,10/12/2024,1/14/1987,Female
1589,Steven,steven@gmail.com,9719397170,6/16/2024,4/8/2004,Female
1590,Stuart,stuart@gmail.com,132-413-03,9/6/2024,1/26/2000,Female
1591,Sue,sue@gmail.com,(928)459-5,3/15/2025,1/12/2003,Female
1592,Summer,summer@gmail.com,8656784309,2/15/2024,2/15/2000,Male
1593,Susan,susan@gmail.com,001-606-26,10/26/2023,10/19/1995,Male
1594,Suzanne,suzanne@gmail.com,291.601.81,1/19/2024,4/17/1966,Male
1595,Sydney,sydney@gmail.com,(687)146-5,1/14/2024,12/19/1998,Male
1596,Sylvia,sylvia@gmail.com,958-003-97,8/3/2024,6/7/1992,Male
1597,Tabitha,tabitha@gmail.com,326-197-93,3/8/2024,2/6/1992,Female
1598,Tamara,tamara@gmail.com,423.068.62,2/4/2025,7/7/1982,Male
1599,Tammie,tammie@gmail.com,-1075,2/28/2025,6/4/1983,Female
1600,Tammy,tammy@gmail.com,205-780-94,7/10/2023,5/3/2003,Male
1601,Tanner,tanner@gmail.com,106369597,3/5/2024,12/21/1975,Female
1602,Tanya,tanya@gmail.com,253.100.18,1/12/2024,6/6/2000,Female
1603,Tara,tara@gmail.com,(477)913-9,2/21/2025,2/7/1997,Female
1604,Tasha,tasha@gmail.com,-1138,4/8/2025,9/3/1992,Male
1605,Taylor,taylor@gmail.com,264-218-36,6/14/2024,5/22/1995,Male
1606,Teresa,teresa@gmail.com,3272774220,8/4/2024,10/3/2001,Female
1607,Terrence,terrence@gmail.com,-1449,4/1/2024,2/22/1967,Male
1608,Terri,terri@gmail.com,-218,9/24/2023,9/15/1967,Female
1609,Terry,terry@gmail.com,485.487.68,10/18/2023,5/22/1989,Female
1610,Theodore,theodore@gmail.com,154-327-12,8/20/2024,3/26/1966,Male
1611,Theresa,theresa@gmail.com,001-606-83,11/19/2024,9/12/2003,Female
1612,Thomas,thomas@gmail.com,307-385-13,3/17/2025,5/31/1995,Female
1613,Tiffany,tiffany@gmail.com,(773)264-0,5/9/2025,4/7/1965,Male
1614,Tim,tim@gmail.com,1648752610,12/6/2024,6/25/1965,Female
1615,Timothy,timothy@gmail.com,-679,6/5/2024,10/2/1982,Male
1616,Tina,tina@gmail.com,001-323-28,10/9/2023,4/27/1982,Female
1617,Todd,todd@gmail.com,001-393-57,1/26/2024,9/25/2003,Male
1618,Tommy,tommy@gmail.com,8206726730,9/11/2024,9/16/1998,Male
1619,Toni,toni@gmail.com,349-002-55,8/8/2024,5/18/1983,Female
1620,Tony,tony@gmail.com,769-732-57,2/14/2025,7/26/1981,Female
1621,Tonya,tonya@gmail.com,495-385-30,12/19/2023,8/31/1967,Male
1622,Tracey,tracey@gmail.com,(587)072-9,4/13/2025,3/21/1983,Female
1623,Traci,traci@gmail.com,270-957-54,1/5/2025,11/13/1998,Female
1624,Tracie,tracie@gmail.com,001-606-06,2/24/2025,3/2/1985,Female
1625,Tracy,tracy@gmail.com,001-441-52,1/7/2025,6/2/1981,Male
1626,Travis,travis@gmail.com,132.713.87,8/21/2023,4/2/1990,Female
1627,Trevor,trevor@gmail.com,-470,7/24/2023,12/8/1994,Female
1628,Tricia,tricia@gmail.com,(352)235-6,6/5/2023,12/14/1971,Male
1629,Tristan,tristan@gmail.com,001-142-24,4/13/2024,11/14/2003,Male
1630,Troy,troy@gmail.com,608.585.57,6/4/2024,4/9/1973,Male
1631,Tyler,tyler@gmail.com,001-789-69,1/23/2024,1/9/1989,Female
1632,Tyrone,tyrone@gmail.com,8527731412,3/19/2024,3/18/1969,Male
1633,Valerie,valerie@gmail.com,(540)673-7,12/22/2023,9/19/1983,Male
1634,Vanessa,vanessa@gmail.com,095-656-82,1/11/2025,4/14/1966,Female
1635,Vernon,vernon@gmail.com,200-108-14,7/24/2023,9/2/1981,Male
1636,Veronica,veronica@gmail.com,001-639-93,7/17/2024,5/31/1973,Female
1637,Vicki,vicki@gmail.com,001-111-66,12/25/2024,7/12/1979,Male
1638,Vickie,vickie@gmail.com,286.535.69,8/1/2024,10/20/1991,Male
1639,Victor,victor@gmail.com,-748,7/5/2023,2/19/1980,Male
1640,Victoria,victoria@gmail.com,(774)138-4,8/20/2023,10/30/1979,Male
1641,Vincent,vincent@gmail.com,431.963.86,8/3/2024,3/2/2004,Male
1642,Virginia,virginia@gmail.com,001-254-11,2/14/2025,1/29/1967,Male
1643,Walter,walter@gmail.com,(054)989-9,7/18/2023,9/6/1966,Male
1644,Wanda,wanda@gmail.com,001-352-42,5/7/2024,1/31/1981,Female
1645,Warren,warren@gmail.com,961-979-68,9/19/2024,2/25/1999,Male
1646,Wayne,wayne@gmail.com,-1321,11/25/2024,12/30/1987,Female
1647,Wendy,wendy@gmail.com,187.492.87,12/30/2024,2/16/2004,Male
1648,Wesley,wesley@gmail.com,(564)289-2,8/18/2024,4/27/1989,Female
1649,Whitney,whitney@gmail.com,-968,10/26/2023,7/9/1998,Female
1650,William,william@gmail.com,407.786.12,7/10/2023,2/13/1998,Male
1651,Willie,willie@gmail.com,690.353.77,5/31/2023,1/11/1977,Male
1652,Wyatt,wyatt@gmail.com,845.217.69,9/4/2024,1/5/1995,Female
1653,Xavier,xavier@gmail.com,-719,9/8/2024,4/3/1965,Male
1654,Yesenia,yesenia@gmail.com,133-325-83,8/18/2024,9/19/1990,Female
1655,Yolanda,yolanda@gmail.com,496.143.81,8/6/2023,8/31/2002,Female
1656,Yvette,yvette@gmail.com,904-559-93,7/1/2023,9/9/1980,Female
1657,Yvonne,yvonne@gmail.com,001-230-57,8/12/2023,4/27/1993,Male
1658,Zachary,zachary@gmail.com,-285,8/15/2024,3/4/1982,Female
